URL,SEO Title,Meta Description,Keyword,OG Title,OG Description,OG Image,Canonical
https://paranormalmusings.com/,PARANORMAL MUSINGS - Paranormal Western & Eastern | Paranormal Investigator India,PARANORMAL MUSINGS - paranormal investigator in India for more than twenty-five years now. Here you can find a lot of information on my paranormal explorations and perspectives on "life after death" from the Indian ( Eastern) and Western viewpoints.,paranormal musings,Home 1,PARANORMAL MUSINGS - paranormal investigator in India for more than twenty-five years now. Here you can find a lot of information on my paranormal explorations and perspectives on "life after death" from the Indian ( Eastern) and Western viewpoints.,/images/og-home.jpg,https://paranormalmusings.com/
https://paranormalmusings.com/about-paranormal-musings-with-praveen-saanker/,About Paranormal Musings with Praveen Saanker,"Praveen Saanker has been an ardent student of the paranormal arena ever since he has been a child. Mr Praveen Saanker is a Psychotherapist, Family Business Advisor and Life Coach.",about paranormal musings with praveen saanker,About Paranormal Musings with Praveen Saanker,"Praveen Saanker has been an ardent student of the paranormal arena ever since he has been a child. Mr Praveen Saanker is a Psychotherapist, Family Business Advisor and Life Coach.",/images/og-about.jpg,https://paranormalmusings.com/about-paranormal-musings-with-praveen-saanker/
https://paranormalmusings.com/contact-us/,Contact Us - paranormalmusings.com,Get in touch with Paranormal Investigator Praveen Saanker for paranormal investigation services and consultations in India.,contact us,Contact Us,Connect with Paranormal Musings for expert paranormal investigation and consultation services.,/images/og-contact.jpg,https://paranormalmusings.com/contact-us/
https://paranormalmusings.com/legal-disclaimer-important/,Legal Disclaimer  Important - paranormalmusings.com,Important legal disclaimer for paranormal musings website. Read our terms and conditions regarding paranormal investigation services.,legal disclaimer important,Legal Disclaimer  Important,Important legal disclaimer for paranormal musings website regarding services and content.,/images/og-legal.jpg,https://paranormalmusings.com/legal-disclaimer-important/
https://paranormalmusings.com/privacy-policy-for-praveen-saanker-and-paranormal-musings/,Privacy Policy for Praveen Saanker and Paranormal Musings - paranormalmusings.com,"At paranormalmusings, accessible from https://paranormalmusings.com/, one of our main priorities is the privacy of our visitors.",privacy policy praveen saanker paranormal musings,Privacy Policy for Praveen Saanker and Paranormal Musings,"At paranormalmusings, accessible from https://paranormalmusings.com/, one of our main priorities is the privacy of our visitors.",/images/og-privacy.jpg,https://paranormalmusings.com/privacy-policy-for-praveen-saanker-and-paranormal-musings/
https://paranormalmusings.com/privacy-policy/,Privacy Policy - paranormalmusings.com,"Privacy Policy for paranormal musings website. Learn how we collect, use, and protect your personal information.",privacy policy,Privacy Policy,"Privacy Policy for https://paranormalmusings.com - Learn how we handle your personal information and data privacy.",/images/og-privacy-main.jpg,https://paranormalmusings.com/privacy-policy/
https://paranormalmusings.com/terms-and-conditions-for-paranormal-musings/,Terms and Conditions for Paranormal Musings - paranormalmusings.com,"These terms and conditions outline the rules and regulations for the use of Praveen Saanker And Paranormal Musings's Website, located at https://paranormalmusings.com/",terms and conditions for paranormal musings,Terms and Conditions for Paranormal Musings,"These terms and conditions outline the rules and regulations for the use of Praveen Saanker And Paranormal Musings's Website, located at https://paranormalmusings.com/",/images/og-terms.jpg,https://paranormalmusings.com/terms-and-conditions-for-paranormal-musings/
https://paranormalmusings.com/category/case-studies/,Paranormal Case Studies - paranormalmusings.com,Explore real paranormal case studies and investigations by Paranormal Expert Praveen Saanker. Detailed analysis of spirit possession and hauntings.,case studies,Paranormal Case Studies Archives,Real paranormal case studies and investigations covering spirit possession and hauntings.,/images/og-case-studies.jpg,https://paranormalmusings.com/category/case-studies/
https://paranormalmusings.com/category/paranormal-eastern-views/,Paranormal Eastern Views - paranormalmusings.com,Explore Eastern perspectives on paranormal activity, death, afterlife and spiritual beliefs from Hindu and Indian philosophical viewpoints.,paranormal eastern views,Paranormal Eastern Views Archives,Eastern perspectives on paranormal phenomena, afterlife and spiritual beliefs from Indian philosophy.,/images/og-eastern-views.jpg,https://paranormalmusings.com/category/paranormal-eastern-views/
https://paranormalmusings.com/category/paranormal-investigation/,Paranormal Investigation - paranormalmusings.com,Learn about paranormal investigation techniques, equipment, and methodologies for ghost hunting and spirit detection by expert paranormal investigator.,paranormal investigation,Paranormal Investigation Archives,Paranormal investigation techniques, equipment guides and methodologies for ghost hunting and spirit detection.,/images/og-investigation.jpg,https://paranormalmusings.com/category/paranormal-investigation/
https://paranormalmusings.com/category/paranormal-western-views/,Paranormal Western Views - paranormalmusings.com,Discover Western perspectives on paranormal phenomena including ghost encounters hauntings and spiritual beliefs across Western cultures.,paranormal western views,Paranormal Western Views Archives,Western perspectives on paranormal phenomena including ghost encounters and spiritual beliefs.,/images/og-western-views.jpg,https://paranormalmusings.com/category/paranormal-western-views/
https://paranormalmusings.com/a-sojourn-to-heaven-after-death/,A Sojourn to Heaven After Death - paranormalmusings.com,A person embodied with virtues goes to Heaven after death. A virtuous person reaps benefits for his good work and behaviour,a sojourn to heaven after death,A Sojourn to Heaven After Death,A person embodied with virtues goes to Heaven after death. A virtuous person reaps benefits for his good work and behaviour.,/images/og-heaven.jpg,https://paranormalmusings.com/a-sojourn-to-heaven-after-death/
https://paranormalmusings.com/ancestor-worship-is-among-the-fundamental-principles-of-hinduism/,Ancestor worship is among the fundamental principles of Hinduism,Ancestor worship is among the fundamental principles of Hinduism. The death ceremony prescribes specific Hindu rituals as per scriptures.,ancestor worship among fundamental principles hinduism,Ancestor worship is among the fundamental principles of Hinduism,Ancestor worship is among the fundamental principles of Hinduism. The death ceremony prescribes specific Hindu rituals as per scriptures.,/images/og-ancestor-worship.jpg,https://paranormalmusings.com/ancestor-worship-is-among-the-fundamental-principles-of-hinduism/
https://paranormalmusings.com/back-to-source-after-death-eastern-teachings/,Back to Source After Death - Eastern Teachings - paranormalmusings.com,"Back to Source After Death. The gross physical body comprises of the five elements or Mahabhutas earth, water, fire, air and space.",back source after death eastern teachings,Back to Source After Death - Eastern Teachings,"Back to Source After Death. The gross physical body comprises of the five elements or Mahabhutas earth, water, fire, air and space.",/images/og-back-to-source.jpg,https://paranormalmusings.com/back-to-source-after-death-eastern-teachings/
https://paranormalmusings.com/cameras-for-ghost-hunting-significance-and-importance/,Cameras for Ghost Hunting: Significance and Importance,Let's look at the cameras for ghost hunting and discuss the importance of camera for ghost hunting in any paranormal investigation.,cameras ghost hunting significance importance,Cameras for Ghost Hunting: Significance and Importance,Let's look at the cameras for ghost hunting and discuss the importance of camera for ghost hunting in any paranormal investigation.,/images/og-ghost-cameras.jpg,https://paranormalmusings.com/cameras-for-ghost-hunting-significance-and-importance/
https://paranormalmusings.com/can-ghost-kill-us/,Can Ghost Kill Us? | Facts - paranormalmusings.com,"Can Ghost Kill Us? In the history of paranormal investigation, there have been no reports of anyone being killed by a ghost.",can ghost kill us,Can Ghost Kill Us?,"Can Ghost Kill Us? In the history of paranormal investigation, there have been no reports of anyone being killed by a ghost.",/images/og-ghost-kill.jpg,https://paranormalmusings.com/can-ghost-kill-us/
https://paranormalmusings.com/cause-of-hauntings-why-do-hauntings-happen/,Cause of Hauntings  - Why Do Hauntings Happen?,"Why is a particular home or place is haunted? In this excerpt, we will look at the cause of hauntings and why paranormal activity happens.",cause hauntings why do hauntings happen,Cause of Hauntings  - Why Do Hauntings Happen?,"Why is a particular home or place is haunted? In this excerpt, we will look at the cause of hauntings and why paranormal activity happens.",/images/og-cause-hauntings.jpg,https://paranormalmusings.com/cause-of-hauntings-why-do-hauntings-happen/
https://paranormalmusings.com/change-is-the-only-constant-according-to-indian-spiritual-teachings/,Change is the only constant according to Indian Spiritual Teachings,"Change is the only constant according to Indian Spiritual Teachings. This body, which is a combination of the five elements, will perish.",change only constant according indian spiritual,Change is the only constant according to Indian Spiritual Teachings,"Change is the only constant according to Indian Spiritual Teachings. This body, which is a combination of the five elements, will perish.",/images/og-change-constant.jpg,https://paranormalmusings.com/change-is-the-only-constant-according-to-indian-spiritual-teachings/
https://paranormalmusings.com/concept-of-resurrection-and-judgement-day/,Concept of Resurrection and Judgement Day - paranormalmusings.com,Concept of Resurrection and Judgement Day. Lets understand the concept of resurrection in detail across different religions and faiths,concept of resurrection and judgement day,Concept of Resurrection and Judgement Day,Concept of Resurrection and Judgement Day. Lets understand the concept of resurrection in detail across different religions and faiths.,/images/og-resurrection.jpg,https://paranormalmusings.com/concept-of-resurrection-and-judgement-day/
https://paranormalmusings.com/criteria-for-rebirth/,Criteria for Rebirth - paranormalmusings.com,"Again, a common question that comes up frequently is on Rebirth. What are the criteria for rebirth? Man faces different kinds of situations and meets various types of persons during his lifetime.",criteria for rebirth,Criteria for Rebirth,"Again, a common question that comes up frequently is on Rebirth. What are the criteria for rebirth? Man faces different kinds of situations and meets various types of persons during his lifetime.",/images/og-criteria-rebirth.jpg,https://paranormalmusings.com/criteria-for-rebirth/
https://paranormalmusings.com/death-rebirth-and-evolution-eastern-perspectives/,"Death, Rebirth and Evolution  Eastern Perspectives","Let's discuss a bit on Death, Rebirth and Evolution from the eastern perspective. The issue of rebirth, or the existence of life after death, has remained an enigma through the ages.",death rebirth and evolution eastern perspectives,"Death, Rebirth and Evolution  Eastern Perspectives","Let's discuss a bit on Death, Rebirth and Evolution from the eastern perspective. The issue of rebirth, or the existence of life after death, has remained an enigma through the ages.",/images/og-death-rebirth.jpg,https://paranormalmusings.com/death-rebirth-and-evolution-eastern-perspectives/
https://paranormalmusings.com/death-the-great-equalizer/,Death - The Great Equalizer - paranormalmusings.com,"Death is a certainty  the only certainty. It remains an enigma and a mystery, but all of us on earth have to pass through its hands.",death the great equalizer,Death - The Great Equalizer,"Death is a certainty  the only certainty. It remains an enigma and a mystery, but all of us on earth have to pass through its hands.",/images/og-death-equalizer.jpg,https://paranormalmusings.com/death-the-great-equalizer/
https://paranormalmusings.com/depossession-therapy-instructions-how-to-do-it/,Depossession Instructions - How to Do It?,"According to a paranormal expert in India, the best way to perform a depossession is to record it.  Let us look at depossession instructions.",depossession therapy instructions how do it,Depossession Instructions - How to Do It?,"According to a paranormal expert in India, the best way to perform a depossession is to record it.  Let us look at depossession instructions.",/images/og-depossession.jpg,https://paranormalmusings.com/depossession-therapy-instructions-how-to-do-it/
https://paranormalmusings.com/different-religious-views-on-the-journey-of-the-soul/,Different Religious views on the Journey of the Soul - paranormalmusings.com,There are different religious views on the Journey of the Soul. Christians believe in the concept of heaven and Hell. Journey of the Soul.,different religious views journey soul,Different Religious views on the Journey of the Soul,There are different religious views on the Journey of the Soul. Christians believe in the concept of heaven and Hell. Journey of the Soul.,/images/og-religious-views.jpg,https://paranormalmusings.com/different-religious-views-on-the-journey-of-the-soul/
https://paranormalmusings.com/digital-video-recorder-camera-for-paranormal-investigation/,Digital Video Recorder Camera for Paranormal Investigation,"There are a lot of techniques used to record evidence of the paranormal investigation, and using digital video recorder camera is one of them.",digital video recorder camera paranormal investigation,Digital Video Recorder Camera for Paranormal Investigation,"There are a lot of techniques used to record evidence of the paranormal investigation, and using digital video recorder camera is one of them.",/images/og-dvr-camera.jpg,https://paranormalmusings.com/digital-video-recorder-camera-for-paranormal-investigation/
https://paranormalmusings.com/eastern-views-on-death-afterlife-and-the-paranormal/,"Eastern Views on death, afterlife and the paranormal - paranormalmusings.com","According to eastern views the disembodied spirits, based on their attachments to the world, stay earthbound after death.",eastern views death afterlife paranormal,"Eastern Views on death, afterlife and the paranormal","According to eastern views the disembodied spirits, based on their attachments to the world, stay earthbound after death.",/images/og-eastern-death.jpg,https://paranormalmusings.com/eastern-views-on-death-afterlife-and-the-paranormal/
https://paranormalmusings.com/electronic-voice-phenomenon-how-to-get-an-evp/,Electronic Voice Phenomenon: How to Get an EVP?,"You have a basic idea about what an electronic voice phenomenon or EVP means in a paranormal investigation. So, how to get an EVP?",electronic voice phenomenon how get evp,Electronic Voice Phenomenon: How to Get an EVP?,"You have a basic idea about what an electronic voice phenomenon or EVP means in a paranormal investigation. So, how to get an EVP?",/images/og-evp.jpg,https://paranormalmusings.com/electronic-voice-phenomenon-how-to-get-an-evp/
https://paranormalmusings.com/evil-spirits-how-to-detect-evil-spirits-in-your-home/,Evil Spirits: How to Detect Evil Spirits in Your Home?,"Having said that, in this blog, you will learn how to detect evil spirits in your home from the view of a paranormal expert. Let's start!",evil spirits how detect evil spirits,Evil Spirits: How to Detect Evil Spirits in Your Home?,"Having said that, in this blog, you will learn how to detect evil spirits in your home from the view of a paranormal expert. Let's start!",/images/og-evil-spirits.jpg,https://paranormalmusings.com/evil-spirits-how-to-detect-evil-spirits-in-your-home/
https://paranormalmusings.com/evp-equipment-history-of-evp-equipment/,EVP Equipment - History of EVP Equipment - paranormalmusings.com,"In this excerpt, we will talk about the history of EVP equipment and whether it is real or not in a paranormal investigation. Read on!",evp equipment history of evp equipment,EVP Equipment - History of EVP Equipment,"In this excerpt, we will talk about the history of EVP equipment and whether it is real or not in a paranormal investigation. Read on!",/images/og-evp-equipment.jpg,https://paranormalmusings.com/evp-equipment-history-of-evp-equipment/
https://paranormalmusings.com/ghost-encounter-with-a-regular-spirit/,Ghost Encounter With a Regular Spirit - paranormalmusings.com,"The most common ghost is just your average, regular ghost in the paranormal realm. This blog is basically a story of my real ghost encounter.",ghost encounter with a regular spirit,Ghost Encounter With a Regular Spirit,"The most common ghost is just your average, regular ghost in the paranormal realm. This blog is basically a story of my real ghost encounter.",/images/og-ghost-encounter.jpg,https://paranormalmusings.com/ghost-encounter-with-a-regular-spirit/
https://paranormalmusings.com/ghost-entry-how-to-protect-yourself-from-possession/,Ghost Entry: How to Protect Yourself From Possession?,Questions about ghost entry and possession need to be addressed properly by a paranormal expert. Want to know what are they?,ghost entry how protect yourself from,Ghost Entry: How to Protect Yourself From Possession?,Questions about ghost entry and possession need to be addressed properly by a paranormal expert. Want to know what are they?,/images/og-ghost-entry.jpg,https://paranormalmusings.com/ghost-entry-how-to-protect-yourself-from-possession/
https://paranormalmusings.com/ghost-hunting-camera-tips-and-tricks/,Ghost Hunting Camera Tips and Tricks - paranormalmusings.com,"When it comes to ghost hunting camera, it is important to capture paranormal activity. Let us discussmore about ghost hunting cameras.",ghost hunting camera tips and tricks,Ghost Hunting Camera Tips and Tricks,"When it comes to ghost hunting camera, it is important to capture paranormal activity. Let us discussmore about ghost hunting cameras.",/images/og-camera-tips.jpg,https://paranormalmusings.com/ghost-hunting-camera-tips-and-tricks/
https://paranormalmusings.com/ghost-hunting-equipment-must-haves/,Ghost Hunting Equipment Must-Haves - paranormalmusings.com,"In this excerpt, we will look at the ghost hunting equipment you must have in your kit to become a paranormal Investigator in India.",ghost hunting equipment must haves,Ghost Hunting Equipment Must-Haves,"In this excerpt, we will look at the ghost hunting equipment you must have in your kit to become a paranormal Investigator in India.",/images/og-equipment.jpg,https://paranormalmusings.com/ghost-hunting-equipment-must-haves/
https://paranormalmusings.com/ghost-hunting-thermometers-the-types-of-thermometers/,Ghost Hunting Thermometers: The Types of Thermometers,"In this excerpt, we will discuss the use of ghost hunting thermometers and their types for a paranormal investigator. Let's get started!",ghost hunting thermometers types thermometers,Ghost Hunting Thermometers: The Types of Thermometers,"In this excerpt, we will discuss the use of ghost hunting thermometers and their types for a paranormal investigator. Let's get started!",/images/og-thermometers.jpg,https://paranormalmusings.com/ghost-hunting-thermometers-the-types-of-thermometers/
https://paranormalmusings.com/ghost-hunting-tips-what-should-you-strictly-avoid/,Ghost Hunting Tips: What Should You Strictly Avoid?,Keep these ghost hunting tips in mind before doing a paranormal investigation that makes it worse and that you may regret it later.,ghost hunting tips what should you,Ghost Hunting Tips: What Should You Strictly Avoid?,Keep these ghost hunting tips in mind before doing a paranormal investigation that makes it worse and that you may regret it later.,/images/og-hunting-tips.jpg,https://paranormalmusings.com/ghost-hunting-tips-what-should-you-strictly-avoid/
https://paranormalmusings.com/ghost-hunting-tools-some-other-holy-tools-you-must-have-in-your-kit/,Ghost Hunting Tools - Some Other Holy Tools You Must Have in Your Kit,"Other than the usual tool in a paranormal investigation, a paranormal expert must have a few other ghost hunting tools in their kit.",ghost hunting tools some other holy,Ghost Hunting Tools - Some Other Holy Tools You Must Have in Your Kit,"Other than the usual tool in a paranormal investigation, a paranormal expert must have a few other ghost hunting tools in their kit.",/images/og-hunting-tools.jpg,https://paranormalmusings.com/ghost-hunting-tools-some-other-holy-tools-you-must-have-in-your-kit/
https://paranormalmusings.com/ghost-or-spirit-possession-of-prateek-case-study-number-3/,Ghost or Spirit Possession of Prateek: Case Study Number 3 -,"The case study of Prateek will show how a paranormal expert in Chennai, India deals with ghost spirit possession due to addiction.",ghost or spirit possession prateek case,Ghost or Spirit Possession of Prateek: Case Study Number 3,"The case study of Prateek will show how a paranormal expert in Chennai, India deals with ghost spirit possession due to addiction.",/images/og-prateek-case.jpg,https://paranormalmusings.com/ghost-or-spirit-possession-of-prateek-case-study-number-3/
https://paranormalmusings.com/ghost-photos-what-is-the-camera-procedure-to-get-best-ghost-photos/,Ghost Photos: What is the Camera Procedure to Get Best Ghost Photos?,"Now, just getting a camera to hunt ghost is not enough for a paranormal expert. Let's look at camera procedure to get the best ghost photos.",ghost photos what camera procedure get,Ghost Photos: What is the Right Camera Procedure to Get Best Ghost Photos?,"Now, just getting a camera to hunt ghost is not enough for a paranormal expert. Let's look at camera procedure to get the best ghost photos.",/images/og-ghost-photos.jpg,https://paranormalmusings.com/ghost-photos-what-is-the-camera-procedure-to-get-best-ghost-photos/
https://paranormalmusings.com/ghost-possession-effects-of-ghost-possession/,Ghost Possession: Effects of Ghost Possession - paranormalmusings.com,"Let us learn if possession is real and also understand the effects of ghost possession as discussed by a paranormal expert in Chennai, India.",ghost possession effects of ghost possession,Ghost Possession: Effects of Ghost Possession,"Let us learn if possession is real and also understand the effects of ghost possession as discussed by a paranormal expert in Chennai, India.",/images/og-possession-effects.jpg,https://paranormalmusings.com/ghost-possession-effects-of-ghost-possession/
https://paranormalmusings.com/ghost-smell-as-a-sign-that-your-house-is-haunted/,Ghost Smell as a Sign That Your House is Haunted,"What is Ghost Smell? In this blog, we will discover a bit about ghost smells and what to do in such cases of paranormal activity.",ghost smell as sign that your,Ghost Smell as a Sign That Your House is Haunted,"What is Ghost Smell? In this blog, we will discover a bit about ghost smells and what to do in such cases of paranormal activity.",/images/og-ghost-smell.jpg,https://paranormalmusings.com/ghost-smell-as-a-sign-that-your-house-is-haunted/
https://paranormalmusings.com/haunting-place-what-are-some-of-the-haunted-places-where-paranormal-is-frequent/,Haunting Place: Haunted Places with Frequent Paranormal Activity,"In this blog, we will quickly look at haunting place and haunted places with frequent ghost sightings and paranormal activity.",haunting place what are some haunted,Haunting Place: What are some of the Haunted Places where Paranormal Activity is Frequent?,"In this blog, we will quickly look at haunting place and haunted places with frequent ghost sightings and paranormal activity.",/images/og-haunted-places.jpg,https://paranormalmusings.com/haunting-place-what-are-some-of-the-haunted-places-where-paranormal-is-frequent/
https://paranormalmusings.com/hindu-rituals-for-death/,Hindu Rituals For Death - paranormalmusings.com,"Hindu Rituals for death. After death, Hindus believe that the physical body is of no purpose, and therefore does not need to be preserved.",hindu rituals for death,Hindu Rituals For Death,"Hindu Rituals for death. After death, Hindus believe that the physical body is of no purpose, and therefore does not need to be preserved.",/images/og-hindu-rituals.jpg,https://paranormalmusings.com/hindu-rituals-for-death/
https://paranormalmusings.com/how-soul-leaves-the-body-hindu-philosophy/,How Soul Leaves the Body - Hindu Philosophy - paranormalmusings.com,"How Soul Leaves the Body. The soul, which is the subtle life force, departs from the body as it shuttles between the waking and the sleep states.",how soul leaves body hindu philosophy,How Soul Leaves the Body - Hindu Philosophy,"How Soul Leaves the Body. The soul, which is the subtle life force, departs from the body as it shuttles between the waking and the sleep states.",/images/og-soul-leaves.jpg,https://paranormalmusings.com/how-soul-leaves-the-body-hindu-philosophy/
https://paranormalmusings.com/how-to-become-a-paranormal-investigator/,How to Become a Paranormal Investigator? - paranormalmusings.com,"Before I answer how to be a paranormal investigator, it is very important to understand the concept of being a paranormal investigator.",how to become a paranormal investigator,How to Become a Paranormal Investigator?,"Before I answer how to be a paranormal investigator, it is very important to understand the concept of being a paranormal investigator.",/images/og-become-investigator.jpg,https://paranormalmusings.com/how-to-become-a-paranormal-investigator/
https://paranormalmusings.com/how-to-conduct-an-investigation-of-the-paranormal/,How to Conduct an Investigation of the Paranormal?,"In this blog, we will look at all the information that one requires during a paranormal investigation and how to conduct an investigation.",how conduct investigation paranormal,How to Conduct an Investigation of the Paranormal?,"In this blog, we will look at all the information that one requires during a paranormal investigation and how to conduct an investigation.",/images/og-conduct-investigation.jpg,https://paranormalmusings.com/how-to-conduct-an-investigation-of-the-paranormal/
https://paranormalmusings.com/how-to-connect-with-your-spirit-guides/,How to Connect With Your Spirit Guides? - paranormalmusings.com,"In this blog, we will discuss how to connect with your spirit guides residing in the paranormal world. Read on to find out more!",how connect your spirit guides,How to Connect With Your Spirit Guides?,"In this blog, we will discuss how to connect with your spirit guides residing in the paranormal world. Read on to find out more!",/images/og-spirit-guides.jpg,https://paranormalmusings.com/how-to-connect-with-your-spirit-guides/
https://paranormalmusings.com/how-to-get-rid-of-spirits-in-your-house/,How to Get Rid of Spirits in Your House? - paranormalmusings.com,"How to get rid of spirits in your house? In this blog, we will discuss how to get rid of paranormal activity. Want to know more? Read on!",how get rid spirits your house,How to Get Rid of Spirits in Your House?,"How to get rid of spirits in your house? In this blog, we will discuss how to get rid of paranormal activity. Want to know more? Read on!",/images/og-rid-spirits.jpg,https://paranormalmusings.com/how-to-get-rid-of-spirits-in-your-house/
https://paranormalmusings.com/how-to-help-a-ghost/,How to Help a Ghost? | Can You Help? - paranormalmusings.com,"You can either consult a paranormal investigator or if you wish to help a ghost, there are certain ways. Let us look at some of them!",how to help a ghost,How to Help a Ghost?,"You can either consult a paranormal investigator or if you wish to help a ghost, there are certain ways. Let us look at some of them!",/images/og-help-ghost.jpg,https://paranormalmusings.com/how-to-help-a-ghost/
https://paranormalmusings.com/how-to-protect-yourself-from-ghosts-and-bad-spirits/,How to Protect Yourself From Ghosts and Bad Spirits?,"In this excerpt, we will learn how to protect yourself from ghosts and bad spirits from a paranormal investigator in Chennai, India.",how protect yourself from ghosts bad,How to Protect Yourself From Ghosts and Bad Spirits?,"In this excerpt, we will learn how to protect yourself from ghosts and bad spirits from a paranormal investigator in Chennai, India.",/images/og-protect-spirits.jpg,https://paranormalmusings.com/how-to-protect-yourself-from-ghosts-and-bad-spirits/
https://paranormalmusings.com/how-to-talk-to-a-ghost/,How to Talk to a Ghost? - paranormalmusings.com,"How to talk to a ghost? In this excerpt, we will discuss a very important topic for a paranormal investigation - how to talk to ghosts?",how to talk to a ghost,How to Talk to a Ghost?,"How to talk to a ghost? In this excerpt, we will discuss a very important topic for a paranormal investigation - how to talk to ghosts?",/images/og-talk-ghost.jpg,https://paranormalmusings.com/how-to-talk-to-a-ghost/
https://paranormalmusings.com/is-ghost-real-why-do-ghosts-remain/,Is Ghost Real: Why Do Ghosts Remain? - paranormalmusings.com,"To answer the first question - are ghost real - yes, a ghost is real. But why do the paranormal beings remain on Earth? Let us find out!",ghost real why do ghosts remain,Is Ghost Real: Why Do Ghosts Remain?,"To answer the first question - are ghost real - yes, a ghost is real. But why do the paranormal beings remain on Earth? Let us find out!",/images/og-ghost-real.jpg,https://paranormalmusings.com/is-ghost-real-why-do-ghosts-remain/
https://paranormalmusings.com/karma-and-the-concept-of-various-hells/,Karma and the Concept of Various Hells - paranormalmusings.com,Now let us understand the connection between karma and the concept of various hells in different hindu scriptures,karma concept various hells,Karma and the Concept of Various Hells,Now let us understand the connection between karma and the concept of various hells in different hindu scriptures.,/images/og-karma-hells.jpg,https://paranormalmusings.com/karma-and-the-concept-of-various-hells/
https://paranormalmusings.com/most-haunted-places-with-paranormal-activity-is-prominent/,Most Haunted Places With Paranormal Activity is Prominent,Do you know some of the most haunted place? Let's look at the most haunted places with frequent ghost sightings and paranormal activity.,most haunted places paranormal activity prominent,Most Haunted Places With Paranormal Activity is Prominent,Do you know some of the most haunted place? Let's look at the most haunted places with frequent ghost sightings and paranormal activity.,/images/og-most-haunted.jpg,https://paranormalmusings.com/most-haunted-places-with-paranormal-activity-is-prominent/
https://paranormalmusings.com/ovilus-ghost-hunting-equipment/,Ovilus Ghost Hunting Equipment - paranormalmusings.com,Ovilus is one of the latest entrants in the ghost hunting equipment market. It is one of the newest pieces for paranormal investigation.,ovilus ghost hunting equipment,Ovilus Ghost Hunting Equipment,Ovilus is one of the latest entrants in the ghost hunting equipment market. It is one of the newest pieces for paranormal investigation.,/images/og-ovilus.jpg,https://paranormalmusings.com/ovilus-ghost-hunting-equipment/
https://paranormalmusings.com/paranormal-activity-level-how-to-determine-it/,Paranormal Activity Level: How to Determine It? - paranormalmusings.com,Did you know that there are different level of paranormal activity that a paranormal expert determines in his investigations?,paranormal activity level how determine it,Paranormal Activity Level: How to Determine It?,Did you know that there are different level of paranormal activity that a paranormal expert determines in his investigations?,/images/og-activity-level.jpg,https://paranormalmusings.com/paranormal-activity-level-how-to-determine-it/
https://paranormalmusings.com/paranormal-evidence-how-to-review-best-paranormal-evidence/,Paranormal Evidence: How to Review Best Paranormal Evidence?,Capturing the best paranormal evidence showing prominent paranormal activity is the ultimate goal for an investigator. Let's find out how.,paranormal evidence how review best paranormal,Paranormal Evidence: How to Review Best Paranormal Evidence?,Capturing the best paranormal evidence showing prominent paranormal activity is the ultimate goal for an investigator. Let's find out how.,/images/og-paranormal-evidence.jpg,https://paranormalmusings.com/paranormal-evidence-how-to-review-best-paranormal-evidence/
https://paranormalmusings.com/paranormal-investigation-team/,Paranormal Investigation Team paranormalmusings.com,"To conduct a successful paranormal investigation, there are different team members with their own set of tasks. Curious? Have a look!",paranormal investigation team,Paranormal Investigation Team,"To conduct a successful paranormal investigation, there are different team members with their own set of tasks. Curious? Have a look!",/images/og-investigation-team.jpg,https://paranormalmusings.com/paranormal-investigation-team/
https://paranormalmusings.com/paranormal-investigator-job-what-does-it-involve/,Paranormal Investigator Job: What Does it Involve?,Paranormal Investigator sounds like a cool title for your job. Doesnt it? But do know what paranormal investigator jobs involve?,paranormal investigator job what does it,Paranormal Investigator Job: What Does it Involve?,Paranormal Investigator sounds like a cool title for your job. Doesnt it? But do know what paranormal investigator jobs involve?,/images/og-investigator-job.jpg,https://paranormalmusings.com/paranormal-investigator-job-what-does-it-involve/
https://paranormalmusings.com/paranormal-investigator-kit-what-are-the-things-you-must-have/,Paranormal Investigator Kit: What are the Things You Must Have?,A paranormal investigator is nothing without his ghost hunting equipment kit. So what does a paranormal investigator kit contain?,paranormal investigator kit what are things,Paranormal Investigator Kit: What are the Things You Must Have?,A paranormal investigator is nothing without his ghost hunting equipment kit. So what does a paranormal investigator kit contain?,/images/og-investigator-kit.jpg,https://paranormalmusings.com/paranormal-investigator-kit-what-are-the-things-you-must-have/
https://paranormalmusings.com/paranormal-terms-important-paranormal-terms-and-definitions/,Paranormal Terms: Important Paranormal Terms and Definitions,"If you want to be a paranormal investigator, then there are certain paranormal terms and definitions with which you need to be familiar.",paranormal terms important paranormal terms definitions,Paranormal Terms: Important Paranormal Terms and Definitions,"If you want to be a paranormal investigator, then there are certain paranormal terms and definitions with which you need to be familiar.",/images/og-paranormal-terms.jpg,https://paranormalmusings.com/paranormal-terms-important-paranormal-terms-and-definitions/
https://paranormalmusings.com/prana-or-vital-force-role-of-udana-vayu-or-prana/,Prana or vital force - Role of Udana Vayu or Prana,Prana or vital force - Let's understand the role of Udana Vayu or Prana. Vayu is air or wind and otherwise known as the vital force or prana.,prana or vital force role udana,Prana or vital force - Role of Udana Vayu or Prana,Prana or vital force - Let's understand the role of Udana Vayu or Prana. Vayu is air or wind and otherwise known as the vital force or prana.,/images/og-prana.jpg,https://paranormalmusings.com/prana-or-vital-force-role-of-udana-vayu-or-prana/
https://paranormalmusings.com/process-of-death-according-to-yoga-vasishtha/,Process of Death According to Yoga-Vasishtha - paranormalmusings.com,"Maharishi Vasishtha explains the process of death in the Yoga-Vasishtha. Yoga-Vasishtha is a philosophical text attributed to Valmiki, though the actual author is Vasistha.",process death according yoga vasishtha,Process of Death According to Yoga-Vasishtha,"Maharishi Vasishtha explains the process of death in the Yoga-Vasishtha. Yoga-Vasishtha is a philosophical text attributed to Valmiki, though the actual author is Vasistha.",/images/og-yoga-vasishtha.jpg,https://paranormalmusings.com/process-of-death-according-to-yoga-vasishtha/
https://paranormalmusings.com/psychic-children-haunting-of-psychic-children/,Psychic Children: Haunting of Psychic Children - paranormalmusings.com,Let us look at the haunting of the psychic children because of rampant paranormal activity and also attempt to understand the reason.,psychic children haunting of psychic children,Psychic Children: Haunting of Psychic Children,Let us look at the haunting of the psychic children because of rampant paranormal activity and also attempt to understand the reason.,/images/og-psychic-children.jpg,https://paranormalmusings.com/psychic-children-haunting-of-psychic-children/
https://paranormalmusings.com/psychic-readings-what-does-hinduism-say-about-psychic-reading/,Psychic Readings: What Does Hinduism Say About Psychic Reading?,"In this excerpt, we will look at what is psychic reading and what Hinduism says about psychic readings of the paranormal universe.",psychic readings what does hinduism say,Psychic Readings: What Does Hinduism Say About Psychic Reading?,"In this excerpt, we will look at what is psychic reading and what Hinduism says about psychic readings of the paranormal universe.",/images/og-psychic-readings.jpg,https://paranormalmusings.com/psychic-readings-what-does-hinduism-say-about-psychic-reading/
https://paranormalmusings.com/real-cases-of-possession-the-sara-ajmani-story/,Real Cases of Possession: The Sara Ajmani Story -,"As a paranormal investigator in Chennai, India, I have come across many real cases of possession and one case is that on my client - Sara.",real cases possession sara ajmani story,Real Cases of Possession: The Sara Ajmani Story,"As a paranormal investigator in Chennai, India, I have come across many real cases of possession and one case is that on my client - Sara.",/images/og-sara-case.jpg,https://paranormalmusings.com/real-cases-of-possession-the-sara-ajmani-story/
https://paranormalmusings.com/real-possession-stories-the-curious-case-of-paarth-mehta/,Real Possession Stories - The Curious Case of Paarth Mehta - Case Study 5,"Our last of several real possession stories is going to be of Paarth Mehta. As a paranormal expert in Chennai, India, this was pretty tough.",real possession stories curious case paarth,Real Possession Stories - The Curious Case of Paarth Mehta - Case Study 5,"Our last of several real possession stories is going to be of Paarth Mehta. As a paranormal expert in Chennai, India, this was pretty tough.",/images/og-paarth-case.jpg,https://paranormalmusings.com/real-possession-stories-the-curious-case-of-paarth-mehta/
https://paranormalmusings.com/reincarnation-and-metempsychosis/,Reincarnation and Metempsychosis - paranormalmusings.com,I get a lot of queries on Reincarnation and Metempsychosis. Metempsychos is is the transmigration of the soul of a human being into a new body of the same or a different species.,reincarnation and metempsychosis,Reincarnation and Metempsychosis,I get a lot of queries on Reincarnation and Metempsychosis. Metempsychos is is the transmigration of the soul of a human being into a new body of the same or a different species.,/images/og-reincarnation.jpg,https://paranormalmusings.com/reincarnation-and-metempsychosis/
https://paranormalmusings.com/reincarnation-universal-law/,Reincarnation - Universal Law - paranormalmusings.com,Let's understand the universal law of reincarnation. The universal law is precise and flawless. A small seed carries in it the potential of an oak tree.,reincarnation universal law,Reincarnation - Universal Law,Let's understand the universal law of reincarnation. The universal law is precise and flawless. A small seed carries in it the potential of an oak tree.,/images/og-reincarnation-law.jpg,https://paranormalmusings.com/reincarnation-universal-law/
https://paranormalmusings.com/safe-ghost-hunting-7-key-points-to-remember/,Safe Ghost Hunting: 7 Key Points To Remember - paranormalmusings.com,Paranormal Expert in India believe that not following the seven safe ghost hunting tips can increase the chances of injury.,safe ghost hunting 7 key points,Safe Ghost Hunting: 7 Key Points To Remember,Paranormal Expert in India believe that not following the seven safe ghost hunting tips can increase the chances of injury.,/images/og-safe-hunting.jpg,https://paranormalmusings.com/safe-ghost-hunting-7-key-points-to-remember/
https://paranormalmusings.com/science-of-the-paranormal-the-science-behind-ghosts/,Science of the Paranormal: The Science Behind Ghosts,"In this blog, we will discuss the science of the paranormal and try to discuss some theories and bust a few myths. Let's get started!",science paranormal science behind ghosts,Science of the Paranormal: The Science Behind Ghosts,"In this blog, we will discuss the science of the paranormal and try to discuss some theories and bust a few myths. Let's get started!",/images/og-science-paranormal.jpg,https://paranormalmusings.com/science-of-the-paranormal-the-science-behind-ghosts/
https://paranormalmusings.com/shraadh-ceremony-and-prayers-for-the-dead/,Shraadh Ceremony And Prayers For The Dead - paranormalmusings.com,Let's discuss the shraadh ceremony and prayers for the dead. The Manusmriti is an ancient legal text and constitution among the many Dharmasastras of Hinduism,shraadh ceremony prayers dead,Shraadh Ceremony And Prayers For The Dead,Let's discuss the shraadh ceremony and prayers for the dead. The Manusmriti is an ancient legal text and constitution among the many Dharmasastras of Hinduism.,/images/og-shraadh.jpg,https://paranormalmusings.com/shraadh-ceremony-and-prayers-for-the-dead/
https://paranormalmusings.com/signs-of-haunting/,Signs of Haunting | How to Determine if Your House is Haunted or Not?,"Let's look at haunting signs and why it is happening. If you tick all these boxes, you need to consult a paranormal investigator in India.",signs of haunting,Signs of Haunting,"Let's look at haunting signs and why it is happening. If you tick all these boxes, you need to consult a paranormal investigator in India.",/images/og-signs-haunting.jpg,https://paranormalmusings.com/signs-of-haunting/
https://paranormalmusings.com/signs-of-possession-what-are-the-signs-to-look-for/,Signs of Possession: What Are the Signs to Look For?,"Demonic Possession comes with its own signs. Paranormal expert in Chennai, India have seen possession completely transforming people.",signs possession what are signs look,Signs of Possession: What Are the Signs to Look For?,"Demonic Possession comes with its own signs. Paranormal expert in Chennai, India have seen possession completely transforming people.",/images/og-signs-possession.jpg,https://paranormalmusings.com/signs-of-possession-what-are-the-signs-to-look-for/
https://paranormalmusings.com/signs-of-spirit-possession-mental-and-emotional-symptoms/,Signs of Spirit Possession: Mental and Emotional Symptoms,"Let's talk about the mental and emotional signs of spirit possession from the perspective a paranormal investigator in Chennai, India.",signs spirit possession mental emotional symptoms,Signs of Spirit Possession: Mental and Emotional Symptoms,"Let's talk about the mental and emotional signs of spirit possession from the perspective a paranormal investigator in Chennai, India.",/images/og-spirit-symptoms.jpg,https://paranormalmusings.com/signs-of-spirit-possession-mental-and-emotional-symptoms/
https://paranormalmusings.com/six-lokas-or-planes-after-death-journey-according-to-hinduism/,Six Lokas or Planes - After Death Journey according to Hinduism,"After Death Journey according to Hinduism. After his death, a man who has spent his life on earth in sensual indulgence enters the preta loka",six lokas or planes after death,Six Lokas or Planes - After Death Journey according to Hinduism,"After Death Journey according to Hinduism. After his death, a man who has spent his life on earth in sensual indulgence enters the preta loka.",/images/og-six-lokas.jpg,https://paranormalmusings.com/six-lokas-or-planes-after-death-journey-according-to-hinduism/
https://paranormalmusings.com/soul-after-death-different-schools-of-thoughts/,Soul after Death - Different Schools of Thoughts - paranormalmusings.com,Soul after death. There are different schools of thought on the soul's journey after separation from the body. Soul after death.,soul after death different schools thoughts,Soul after Death - Different Schools of Thoughts,Soul after death. There are different schools of thought on the soul's journey after separation from the body. Soul after death.,/images/og-soul-schools.jpg,https://paranormalmusings.com/soul-after-death-different-schools-of-thoughts/
https://paranormalmusings.com/souls-journey-after-death-indian-and-eastern-views/,Soul's Journey After Death - Indian and Eastern Views on After Death,Soul's Journey After Death. The Jiva or the individual soul carries the subtle parts of the elements and the seeds of a new body.,souls journey after death indian eastern,Soul's Journey After Death - Indian and Eastern Views,Soul's Journey After Death. The Jiva or the individual soul carries the subtle parts of the elements and the seeds of a new body.,/images/og-souls-journey.jpg,https://paranormalmusings.com/souls-journey-after-death-indian-and-eastern-views/
https://paranormalmusings.com/souls-journey-after-death-the-third-place-or-tritiyam-sthaanam/,Soul's Journey After Death - The Third Place or Tritiyam Sthaanam,Soul's Journey After Death - The Third Place or Tritiyam Sthaanam. The immoral beings go to third place (Tritiyam sthaanam),souls journey after death third place,Soul's Journey After Death - The Third Place or Tritiyam Sthaanam,Soul's Journey After Death - The Third Place or Tritiyam Sthaanam. The immoral beings go to third place (Tritiyam sthaanam).,/images/og-tritiyam-sthaanam.jpg,https://paranormalmusings.com/souls-journey-after-death-the-third-place-or-tritiyam-sthaanam/
https://paranormalmusings.com/souls-journey-after-death-three-paths-according-to-hindu-philosophy/,Soul's Journey After Death - Three Paths according to Hindu Philosophy,Let's discuss Soul's Journey After Death. The soul journeys many lives as it is not possible to settle all karmic accounts in one lifetime.,souls journey after death three paths,Soul's Journey After Death - Three Paths according to Hindu Philosophy,Let's discuss Soul's Journey After Death. The soul journeys many lives as it is not possible to settle all karmic accounts in one lifetime.,/images/og-three-paths.jpg,https://paranormalmusings.com/souls-journey-after-death-three-paths-according-to-hindu-philosophy/
https://paranormalmusings.com/spirit-haunting-why-spirits-remain-among-us/,Spirit Haunting: Why Spirits Remain Among Us? - paranormalmusings.com,"As a paranormal expert in Chennai, India, I have found explanations for why spirit haunting happens and if spirits are real or not.",spirit haunting why spirits remain among,Spirit Haunting: Why Spirits Remain Among Us?,"As a paranormal expert in Chennai, India, I have found explanations for why spirit haunting happens and if spirits are real or not.",/images/og-spirit-haunting.jpg,https://paranormalmusings.com/spirit-haunting-why-spirits-remain-among-us/
https://paranormalmusings.com/spirit-possession-historical-observations-of-spirit-possession/,Spirit Possession: Historical Observations of Spirit Possession,"In this blog, we will learn more about the historical observations of spirit possession from the paranormal investigator in Chennai, India.",spirit possession historical observations spirit possession,Spirit Possession: Historical Observations of Spirit Possession,"In this blog, we will learn more about the historical observations of spirit possession from the paranormal investigator in Chennai, India.",/images/og-possession-history.jpg,https://paranormalmusings.com/spirit-possession-historical-observations-of-spirit-possession/
https://paranormalmusings.com/spirit-possession-in-hinduism/,Spirit Possession in Hinduism - paranormalmusings.com,"What do the Vedas say about evil spirit possession in Hinduism? Well, let's look at what a paranormal expert in Chennai, India says on this.",spirit possession in hinduism,Spirit Possession in Hinduism,"What do the Vedas say about evil spirit possession in Hinduism? Well, let's look at what a paranormal expert in Chennai, India says on this.",/images/og-possession-hinduism.jpg,https://paranormalmusings.com/spirit-possession-in-hinduism/
https://paranormalmusings.com/story-of-possession-a-case-study-of-anamika/,Story of Possession: A Case Study of Anamika - paranormalmusings.com,"As a psychotherapist and paranormal explorer in Chennai, India, here is a story of possession, of my client, Ananmika. Lets start",story possession case study anamika,Story of Possession: A Case Study of Anamika,"As a psychotherapist and paranormal explorer in Chennai, India, here is a story of possession, of my client, Ananmika. Lets start",/images/og-anamika-case.jpg,https://paranormalmusings.com/story-of-possession-a-case-study-of-anamika/
https://paranormalmusings.com/symptoms-and-indications-of-death-eastern-teachings/,Symptoms and Indications of Death - Eastern Teachings,Let us understand the symptoms and indications of death from an eastern viewpoint. It's challenging to find out the actual signs of death.,symptoms indications death eastern teachings,Symptoms and Indications of Death - Eastern Teachings,Let us understand the symptoms and indications of death from an eastern viewpoint. It's challenging to find out the actual signs of death.,/images/og-death-symptoms.jpg,https://paranormalmusings.com/symptoms-and-indications-of-death-eastern-teachings/
https://paranormalmusings.com/symptoms-of-spirit-possession-physical-spirit-possession-symptoms/,Symptoms of Spirit Possession: Physical Spirit Possession Symptoms,"In this excerpt, let's look at the physical symptoms of spirit possession and what a paranormal expert in Chennai, India has to say about it.",symptoms spirit possession physical spirit possession,Symptoms of Spirit Possession: Physical Spirit Possession Symptoms,"In this excerpt, let's look at the physical symptoms of spirit possession and what a paranormal expert in Chennai, India has to say about it.",/images/og-physical-symptoms.jpg,https://paranormalmusings.com/symptoms-of-spirit-possession-physical-spirit-possession-symptoms/
https://paranormalmusings.com/the-body-begins-a-new-journey-after-the-process-of-death-hindu-philosophy/,The body begins a new journey after the process of death - Hinduism,Death is the leaving of the soul from the body. All suffering of Man comes from the body. Body begins a new journey after the death process,body begins new journey after process,The body begins a new journey after the process of death - Hindu Philosophy,Death is the leaving of the soul from the body. All suffering of Man comes from the body. Body begins a new journey after the death process.,/images/og-body-journey.jpg,https://paranormalmusings.com/the-body-begins-a-new-journey-after-the-process-of-death-hindu-philosophy/
https://paranormalmusings.com/theory-of-rebirth-and-recreation-eastern-perspectives/,Theory of Rebirth and Recreation - Eastern Perspectives - paranormalmusings.com,Let's have a look at the theory of rebirth and recreation. A seed is sown into the earth.  We nourish and nurture it with water and sunlight.,theory rebirth recreation eastern perspectives,Theory of Rebirth and Recreation - Eastern Perspectives,Let's have a look at the theory of rebirth and recreation. A seed is sown into the earth.  We nourish and nurture it with water and sunlight.,/images/og-rebirth-theory.jpg,https://paranormalmusings.com/theory-of-rebirth-and-recreation-eastern-perspectives/
https://paranormalmusings.com/transmigration-of-souls-and-concept-of-preta-hindu-philosophy/,Transmigration of Souls and Concept of Preta - Hindu Philosophy,"Transmigration of Souls and Concept of Preta. Hinduism is based on two fundamental doctrines, law of Karma and the law of transmigration.",transmigration souls concept preta hindu philosophy,Transmigration of Souls and Concept of Preta - Hindu Philosophy,"Transmigration of Souls and Concept of Preta. Hinduism is based on two fundamental doctrines, law of Karma and the law of transmigration.",/images/og-transmigration.jpg,https://paranormalmusings.com/transmigration-of-souls-and-concept-of-preta-hindu-philosophy/
https://paranormalmusings.com/types-of-ghosts-spirits-demons-entities/,"Types of Ghosts: Spirits, Demons, Entities - paranormalmusings.com",Have you come across different types of ghosts when researching the paranormal? Let us discuss the types of ghost and how they are different.,types of ghosts spirits demons entities,"Types of Ghosts: Spirits, Demons, Entities",Have you come across different types of ghosts when researching the paranormal? Let us discuss the types of ghost and how they are different.,/images/og-types-ghosts.jpg,https://paranormalmusings.com/types-of-ghosts-spirits-demons-entities/
https://paranormalmusings.com/types-of-hauntings-what-are-different-types-of-haunting/,Types of Hauntings: What are Different Types of Haunting?,Let's look at the types of hauntings and throw light on the deeper aspects of the types of haunting and what it signifies in the paranormal.,types hauntings what are different types,Types of Hauntings: What are Different Types of Haunting?,Let's look at the types of hauntings and throw light on the deeper aspects of the types of haunting and what it signifies in the paranormal.,/images/og-types-hauntings.jpg,https://paranormalmusings.com/types-of-hauntings-what-are-different-types-of-haunting/
https://paranormalmusings.com/types-of-spirit-guides-what-are-they/,Types of Spirit Guides: What are They? - paranormalmusings.com,"If a spirit visits you, its often result of emotional tie. Let us discuss the different types of spirit guides residing in the paranormal.",types spirit guides what are they,Types of Spirit Guides: What are They?,"If a spirit visits you, its often result of emotional tie. Let us discuss the different types of spirit guides residing in the paranormal.",/images/og-types-guides.jpg,https://paranormalmusings.com/types-of-spirit-guides-what-are-they/
https://paranormalmusings.com/what-are-angels-the-types-of-angels/,What are Angels: The Types of Angels - paranormalmusings.com,"In this blog, we will learn what angels are and also get a look at the types of angels in the paranormal world. Let's get started!",what are angels types angels,What are Angels: The Types of Angels,"In this blog, we will learn what angels are and also get a look at the types of angels in the paranormal world. Let's get started!",/images/og-angels.jpg,https://paranormalmusings.com/what-are-angels-the-types-of-angels/
https://paranormalmusings.com/what-are-children-spirits/,What are Children Spirits? - paranormalmusings.com,Let us look at what are children spirits and find if there are any substantial proof of their existence in any paranormal investigation.,what are children spirits,What are Children Spirits?,Let us look at what are children spirits and find if there are any substantial proof of their existence in any paranormal investigation.,/images/og-children-spirits.jpg,https://paranormalmusings.com/what-are-children-spirits/
https://paranormalmusings.com/what-are-demons-demons-and-negative-entities-explained/,What are Demons:  Demons and Negative Entities Explained,"To get the meaning of demons and why is it so scary in any paranormal investigation, we need to understand it from a different viewpoint.",what are demons demons negative entities,What are Demons:  Demons and Negative Entities Explained,"To get the meaning of demons and why is it so scary in any paranormal investigation, we need to understand it from a different viewpoint.",/images/og-demons.jpg,https://paranormalmusings.com/what-are-demons-demons-and-negative-entities-explained/
https://paranormalmusings.com/what-are-orbs-meaning-of-orbs/,What are Orbs: Meaning of Orbs - paranormalmusings.com,"What are Orbs? In this excerpt, we will discuss the meaning of orbs and other interesting details related to it in paranormal investigation.",what are orbs meaning of orbs,What are Orbs: Meaning of Orbs,"What are Orbs? In this excerpt, we will discuss the meaning of orbs and other interesting details related to it in paranormal investigation.",/images/og-orbs.jpg,https://paranormalmusings.com/what-are-orbs-meaning-of-orbs/
https://paranormalmusings.com/what-are-spirit-guides/,What are Spirit Guides? - paranormalmusings.com,"In this excerpt, we will discuss what are spirit guides and the different aspects from the viewpoint of a paranormal expert. Let's start!",what are spirit guides,What are Spirit Guides?,"In this excerpt, we will discuss what are spirit guides and the different aspects from the viewpoint of a paranormal expert. Let's start!",/images/og-spirit-guides-main.jpg,https://paranormalmusings.com/what-are-spirit-guides/
https://paranormalmusings.com/what-are-spirit-orbs/,What are Spirit Orbs? | Spirit Orbs Meaning - paranormalmusings.com,Let us discuss spirit orbs in detail and understand why they are more common than the full-body manifestations in the paranormal world?,what are spirit orbs,What are Spirit Orbs?,Let us discuss spirit orbs in detail and understand why they are more common than the full-body manifestations in the paranormal world?,/images/og-spirit-orbs.jpg,https://paranormalmusings.com/what-are-spirit-orbs/
https://paranormalmusings.com/what-is-a-ghost/,What is a Ghost? | Some Interesting Facts paranormalmusings.com,My understanding of a ghost in paranormal is different. It stems from my years of contact with them. Do you want to know more?,what is a ghost,What is a Ghost?,My understanding of a ghost in paranormal is different. It stems from my years of contact with them. Do you want to know more?,/images/og-what-ghost.jpg,https://paranormalmusings.com/what-is-a-ghost/
https://paranormalmusings.com/what-is-a-medium/,What is a Medium? | Difference Between Psychic and a Medium,"In this excerpt, we will understand what is a medium and how are they similar or different from a paranormal investigator and a psychic.",what is a medium,What is a Medium?,"In this excerpt, we will understand what is a medium and how are they similar or different from a paranormal investigator and a psychic.",/images/og-medium.jpg,https://paranormalmusings.com/what-is-a-medium/
https://paranormalmusings.com/what-is-a-paranormal-investigator/,What is a Paranormal Investigator? - paranormalmusings.com,A paranormal investigator or expert should keep his mind open to new ideas to do his paranormal investigation in an unbiased manner.,what is a paranormal investigator,What is a Paranormal Investigator?,A paranormal investigator or expert should keep his mind open to new ideas to do his paranormal investigation in an unbiased manner.,/images/og-paranormal-investigator.jpg,https://paranormalmusings.com/what-is-a-paranormal-investigator/
https://paranormalmusings.com/what-is-a-poltergeist-what-are-they-and-why-should-you-stay-away/,What is a Poltergeist - What are They and Why Should you Stay Away?,What is a Poltergiest? Let us understand poltergeist meaning and why is is important to stay away from them in the paranormal world.,what poltergeist what are they why,What is a Poltergeist - What are They and Why Should you Stay Away?,What is a Poltergiest? Let us understand poltergeist meaning and why is is important to stay away from them in the paranormal world.,/images/og-poltergeist.jpg,https://paranormalmusings.com/what-is-a-poltergeist-what-are-they-and-why-should-you-stay-away/
https://paranormalmusings.com/what-is-a-psychic/,What is a Psychic? | Psychic Meaning | Types of Psychic,"In this excerpt, we will determine what is a psychic and also talk about the types of psychics who are a paranormal expert too.",what is a psychic,What is a Psychic?,"In this excerpt, we will determine what is a psychic and also talk about the types of psychics who are a paranormal expert too.",/images/og-psychic.jpg,https://paranormalmusings.com/what-is-a-psychic/
https://paranormalmusings.com/what-is-a-seance/,What is a Seance? | Types of Seance - paranormalmusings.com,"In this excerpt, we will discuss what is a seance and does it account for any paranormal activity or not. Read on to know more about it!",what is a seance,What is a Seance?,"In this excerpt, we will discuss what is a seance and does it account for any paranormal activity or not. Read on to know more about it!",/images/og-seance.jpg,https://paranormalmusings.com/what-is-a-seance/
https://paranormalmusings.com/what-is-addicted-ghost/,What is Addicted Ghost? - paranormalmusings.com,"Addicted ghost is quite unusual. As per paranormal expert, they are easy to come across and are the most spotted types of ghosts out there.",what is addicted ghost,What is Addicted Ghost?,"Addicted ghost is quite unusual. As per paranormal expert, they are easy to come across and are the most spotted types of ghosts out there.",/images/og-addicted-ghost.jpg,https://paranormalmusings.com/what-is-addicted-ghost/
https://paranormalmusings.com/what-is-an-electromagnetic-field-how-is-it-paranormally-significant/,What is an Electromagnetic Field? How is It Paranormally Significant?,In this blog we will look at what is an electromagnetic field and its significance in a paranormal investigation. Let's get started!,what electromagnetic field how it paranormally,What is an Electromagnetic Field? How is It Paranormally Significant?,In this blog we will look at what is an electromagnetic field and its significance in a paranormal investigation. Let's get started!,/images/og-electromagnetic-field.jpg,https://paranormalmusings.com/what-is-an-electromagnetic-field-how-is-it-paranormally-significant/
https://paranormalmusings.com/what-is-an-evp/,What is an EVP? | EVP Meaning - paranormalmusings.com,Let's discuss what is EVP and its meaning and also try to understand what is the reason behind its popularity for paranormal expert.,what is an evp,What is an EVP?,Let's discuss what is EVP and its meaning and also try to understand what is the reason behind its popularity for paranormal expert.,/images/og-evp-meaning.jpg,https://paranormalmusings.com/what-is-an-evp/
https://paranormalmusings.com/what-is-channeling-what-does-channelling-do/,What is Channelling? What Does Channelling Do? -,"Do you know what is channelling or what does channeling do? Well, in this excerpt, we will look at this very important paranormal term.",what channeling what does channelling do,What is Channelling? What Does Channelling Do?,"Do you know what is channelling or what does channeling do? Well, in this excerpt, we will look at this very important paranormal term.",/images/og-channeling.jpg,https://paranormalmusings.com/what-is-channeling-what-does-channelling-do/
https://paranormalmusings.com/what-is-death-and-how-to-conquer-death-hinduism/,What is Death and How to Conquer Death - Hinduism,Let us discuss what is death and how to conquer death according to Hinduism. Death is a change from one body to another.,what death how conquer death hinduism,What is Death and How to Conquer Death - Hinduism,Let us discuss what is death and how to conquer death according to Hinduism. Death is a change from one body to another.,/images/og-conquer-death.jpg,https://paranormalmusings.com/what-is-death-and-how-to-conquer-death-hinduism/
https://paranormalmusings.com/what-is-depossession-therapy/,What is Depossession Therapy? - paranormalmusings.com,"In this blog, we will look at what is depossession therapy is and how does a paranormal expert in Chennai carries it out.",what is depossession therapy,What is Depossession Therapy?,"In this blog, we will look at what is depossession therapy is and how does a paranormal expert in Chennai carries it out.",/images/og-depossession-therapy.jpg,https://paranormalmusings.com/what-is-depossession-therapy/
https://paranormalmusings.com/what-is-ectoplasm/,What is Ectoplasm? | Ectoplasm Meaning - paranormalmusings.com,"In this blog, we will try to understand what is ectoplasm, its meaning, and why is it a big thing for a paranormal expert.",what is ectoplasm,What is Ectoplasm?,"In this blog, we will try to understand what is ectoplasm, its meaning, and why is it a big thing for a paranormal expert.",/images/og-ectoplasm.jpg,https://paranormalmusings.com/what-is-ectoplasm/
https://paranormalmusings.com/what-is-em-pump/,What is EM Pump? | Use of EM Pump in Paranormal Investigation,You may have seen an EM pump used by a paranormal investigator on some of the paranormal shows. Do you know what is an EM pump?,what is em pump,What is EM Pump?,You may have seen an EM pump used by a paranormal investigator on some of the paranormal shows. Do you know what is an EM pump?,/images/og-em-pump.jpg,https://paranormalmusings.com/what-is-em-pump/
https://paranormalmusings.com/what-is-fear/,What is Fear? How to Overcome Fear? paranormalmusings.com,"Therefore, in this excerpt, we will understand what is fear, especially in terms of paranormal, and then look at how to overcome fear.",what is fear,What is Fear?,"Therefore, in this excerpt, we will understand what is fear, especially in terms of paranormal, and then look at how to overcome fear.",/images/og-fear.jpg,https://paranormalmusings.com/what-is-fear/
https://paranormalmusings.com/what-is-haunting/,What is Haunting? | Haunting Meaning paranormalmusings.com,"Let's look at what is the haunting meaning and also understand in brief, its types. Read on if you wish to be a paranormal expert.",what is haunting,What is Haunting?,"Let's look at what is the haunting meaning and also understand in brief, its types. Read on if you wish to be a paranormal expert.",/images/og-haunting.jpg,https://paranormalmusings.com/what-is-haunting/
https://paranormalmusings.com/what-is-manifestation/,What is Manifestation? | Manifestation Meaning paranormalmusings.com,"For a paranormal investigator, a manifestation is an ultimate prize. But do you know what is manifestation meaning? Read on!",what is manifestation,What is Manifestation?,"For a paranormal investigator, a manifestation is an ultimate prize. But do you know what is manifestation meaning? Read on!",/images/og-manifestation.jpg,https://paranormalmusings.com/what-is-manifestation/
https://paranormalmusings.com/what-is-paranormal-an-introduction/,What is Paranormal: An Introduction - paranormalmusings.com,"What is Paranormal Activity? If I asked you to define the term like a paranormal expert, how would you do it? Ghost? Spirits? Read on!",what is paranormal an introduction,What is Paranormal: An Introduction,"What is Paranormal Activity? If I asked you to define the term like a paranormal expert, how would you do it? Ghost? Spirits? Read on!",/images/og-paranormal-intro.jpg,https://paranormalmusings.com/what-is-paranormal-an-introduction/
https://paranormalmusings.com/what-is-possession-how-can-an-expert-help/,What is Possession? How Can an Expert Help? | Possession Meaning - paranormalmusings.com,"As per a paranormal expert in Chennai, India, possession is the process by which an inhuman spirit enters the soul of a living human.",what possession how can expert help,What is Possession? How Can an Expert Help?,"As per a paranormal expert in Chennai, India, possession is the process by which an inhuman spirit enters the soul of a living human.",/images/og-possession.jpg,https://paranormalmusings.com/what-is-possession-how-can-an-expert-help/
https://paranormalmusings.com/what-is-self-responsibility-in-paranormal-investigation/,What is Self-Responsibility in Paranormal Investigation?,Self-responsibility is a vital aspect of paranormal investigation and is an essential trait in a paranormal investigator. Want to Know how?,what self responsibility paranormal investigation,What is Self-Responsibility in Paranormal Investigation?,Self-responsibility is a vital aspect of paranormal investigation and is an essential trait in a paranormal investigator. Want to Know how?,/images/og-self-responsibility.jpg,https://paranormalmusings.com/what-is-self-responsibility-in-paranormal-investigation/
https://paranormalmusings.com/what-is-sixth-sense-how-to-develop-sixth-sense-to-be-a-paranormal-investigator/,What is Sixth Sense? How to develop sixth sense in Human?,Let's look at what is sixth sense in human beings and also understand how to develop sixth sense to be a paranormal investigator.,what sixth sense how develop sixth,What is Sixth Sense? How to develop sixth sense to be a paranormal investigator?,Let's look at what is sixth sense in human beings and also understand how to develop sixth sense to be a paranormal investigator.,/images/og-sixth-sense.jpg,https://paranormalmusings.com/what-is-sixth-sense-how-to-develop-sixth-sense-to-be-a-paranormal-investigator/
https://paranormalmusings.com/what-is-soul-according-to-indian-teachings/,What is Soul according to Indian Teachings? - paranormalmusings.com,"Soul according to Indian Teachings? Well, there are two types of souls: the individual soul or Jivatman and the Supreme Soul or Paramatman.",what soul according indian teachings,What is Soul according to Indian Teachings?,"Soul according to Indian Teachings? Well, there are two types of souls: the individual soul or Jivatman and the Supreme Soul or Paramatman.",/images/og-soul.jpg,https://paranormalmusings.com/what-is-soul-according-to-indian-teachings/
https://paranormalmusings.com/whats-after-death/,What's After Death? | What Happens When We Die,"What happens after death, after we die? Let's understand this from the perspective of a paranormal expert in Chennai, India.",whats after death,What's After Death?,"What happens after death, after we die? Let's understand this from the perspective of a paranormal expert in Chennai, India.",/images/og-after-death.jpg,https://paranormalmusings.com/whats-after-death/
https://paranormalmusings.com/who-is-a-sage/,Who is a Sage - paranormalmusings.com,"According to Hinduism, a sage is a person of wisdom and clarity. He who attains self-realization through his work and grace is a sage.",who is a sage,Who is a Sage,"According to Hinduism, a sage is a person of wisdom and clarity. He who attains self-realization through his work and grace is a sage.",/images/og-sage.jpg,https://paranormalmusings.com/who-is-a-sage/
